timestamp_utc,bruto,rms,raw_line
2025-11-14T18:23:04.701427+00:00,,,1.60
2025-11-14T18:23:04.701889+00:00,3,1.62,3	1.62
2025-11-14T18:23:04.702069+00:00,1,1.63,1	1.63
2025-11-14T18:23:04.702214+00:00,2,1.63,2	1.63
2025-11-14T18:23:04.702400+00:00,-3,1.65,-3	1.65
2025-11-14T18:23:04.702574+00:00,-1,1.65,-1	1.65
2025-11-14T18:23:04.702776+00:00,0,1.65,0	1.65
2025-11-14T18:23:04.702970+00:00,-4,1.69,-4	1.69
2025-11-14T18:23:04.703221+00:00,1,1.68,1	1.68
2025-11-14T18:23:04.703497+00:00,0,1.68,0	1.68
2025-11-14T18:23:04.703615+00:00,,,�
2025-11-14T18:23:04.704677+00:00,2,1.62,2	1.62
2025-11-14T18:23:04.705214+00:00,0,1.62,0	1.62
2025-11-14T18:23:04.705499+00:00,0,1.62,0	1.62
2025-11-14T18:23:04.705861+00:00,-1,1.59,-1	1.59
2025-11-14T18:23:04.706070+00:00,-1,1.6,-1	1.60
2025-11-14T18:23:04.706206+00:00,0,1.6,0	1.60
2025-11-14T18:23:04.706347+00:00,3,1.62,3	1.62
2025-11-14T18:23:04.706467+00:00,1,1.63,1	1.63
2025-11-14T18:23:04.706603+00:00,2,1.63,2	1.63
2025-11-14T18:23:04.706765+00:00,-3,1.65,-3	1.65
2025-11-14T18:23:04.706883+00:00,-1,1.65,-1	1.65
2025-11-14T18:23:04.707017+00:00,0,1.65,0	1.65
2025-11-14T18:23:04.707142+00:00,-4,1.69,-4	1.69
2025-11-14T18:23:04.707256+00:00,1,1.68,1	1.68
2025-11-14T18:23:04.707375+00:00,0,1.68,0	1.68
2025-11-14T18:23:05.709282+00:00,,,�
2025-11-14T18:23:06.043855+00:00,185,0.0,185	0
2025-11-14T18:23:06.052139+00:00,279,0.0,279	0
2025-11-14T18:23:06.060601+00:00,95,0.0,95	0
2025-11-14T18:23:06.064391+00:00,82,0.0,82	0
2025-11-14T18:23:06.072584+00:00,20,0.0,20	0
2025-11-14T18:23:06.080661+00:00,-40,0.0,-40	0
2025-11-14T18:23:06.084750+00:00,-47,0.0,-47	0
2025-11-14T18:23:06.093066+00:00,-109,0.0,-109	0
2025-11-14T18:23:06.101274+00:00,-98,0.0,-98	0
2025-11-14T18:23:06.109498+00:00,-138,0.0,-138	0
2025-11-14T18:23:06.117961+00:00,-122,0.0,-122	0
2025-11-14T18:23:06.125959+00:00,-128,0.0,-128	0
2025-11-14T18:23:06.134005+00:00,-107,0.0,-107	0
2025-11-14T18:23:06.142294+00:00,-100,0.0,-100	0
2025-11-14T18:23:06.150922+00:00,-102,0.0,-102	0
2025-11-14T18:23:06.158912+00:00,-74,0.0,-74	0
2025-11-14T18:23:06.166692+00:00,-80,0.0,-80	0
2025-11-14T18:23:06.174904+00:00,-47,0.0,-47	0
2025-11-14T18:23:06.179080+00:00,-51,0.0,-51	0
2025-11-14T18:23:06.187252+00:00,-20,0.0,-20	0
2025-11-14T18:23:06.195384+00:00,-13,0.0,-13	0
2025-11-14T18:23:06.203520+00:00,-3,0.0,-3	0
2025-11-14T18:23:06.207724+00:00,18,0.0,18	0
2025-11-14T18:23:06.215908+00:00,10,0.0,10	0
2025-11-14T18:23:06.220084+00:00,41,0.0,41	0
2025-11-14T18:23:06.228250+00:00,34,0.0,34	0
2025-11-14T18:23:06.232398+00:00,43,0.0,43	0
2025-11-14T18:23:06.240469+00:00,60,0.0,60	0
2025-11-14T18:23:06.244604+00:00,45,0.0,45	0
2025-11-14T18:23:06.252701+00:00,65,0.0,65	0
2025-11-14T18:23:06.256766+00:00,61,0.0,61	0
2025-11-14T18:23:06.265105+00:00,51,0.0,51	0
2025-11-14T18:23:06.269123+00:00,68,0.0,68	0
2025-11-14T18:23:06.277381+00:00,52,0.0,52	0
2025-11-14T18:23:06.281498+00:00,51,0.0,51	0
2025-11-14T18:23:06.289580+00:00,59,0.0,59	0
2025-11-14T18:23:06.293807+00:00,38,0.0,38	0
2025-11-14T18:23:06.301968+00:00,47,0.0,47	0
2025-11-14T18:23:06.306094+00:00,41,0.0,41	0
2025-11-14T18:23:06.314291+00:00,24,0.0,24	0
2025-11-14T18:23:06.318391+00:00,37,0.0,37	0
2025-11-14T18:23:06.326798+00:00,20,0.0,20	0
2025-11-14T18:23:06.330957+00:00,18,0.0,18	0
2025-11-14T18:23:06.339023+00:00,19,0.0,19	0
2025-11-14T18:23:06.347283+00:00,-1,0.0,-1	0
2025-11-14T18:23:06.351060+00:00,5,0.0,5	0
2025-11-14T18:23:06.355224+00:00,2,0.0,2	0
2025-11-14T18:23:06.363677+00:00,-15,0.0,-15	0
2025-11-14T18:23:06.367881+00:00,-1,0.0,-1	0
2025-11-14T18:23:06.375757+00:00,-6,0.0,-6	0
2025-11-14T18:23:06.383847+00:00,-19,0.0,-19	0
2025-11-14T18:23:06.388338+00:00,-11,0.0,-11	0
2025-11-14T18:23:06.396544+00:00,-20,0.0,-20	0
2025-11-14T18:23:06.404377+00:00,-15,0.0,-15	0
2025-11-14T18:23:06.412547+00:00,-19,0.0,-19	0
2025-11-14T18:23:06.420768+00:00,-27,0.0,-27	0
2025-11-14T18:23:06.424897+00:00,-17,0.0,-17	0
2025-11-14T18:23:06.433336+00:00,-27,0.0,-27	0
2025-11-14T18:23:06.441478+00:00,-13,0.0,-13	0
2025-11-14T18:23:06.449756+00:00,-22,0.0,-22	0
2025-11-14T18:23:06.453995+00:00,-19,0.0,-19	0
2025-11-14T18:23:06.462097+00:00,-16,0.0,-16	0
2025-11-14T18:23:06.470189+00:00,-22,0.0,-22	0
2025-11-14T18:23:06.477987+00:00,-10,0.0,-10	0
2025-11-14T18:23:06.486314+00:00,-23,0.0,-23	0
2025-11-14T18:23:06.490636+00:00,-7,0.0,-7	0
2025-11-14T18:23:06.499071+00:00,-20,0.0,-20	0
2025-11-14T18:23:06.503125+00:00,-5,0.0,-5	0
2025-11-14T18:23:06.511110+00:00,-5,0.0,-5	0
2025-11-14T18:23:06.519113+00:00,-10,0.0,-10	0
2025-11-14T18:23:06.523443+00:00,5,0.0,5	0
2025-11-14T18:23:06.531603+00:00,-18,0.0,-18	0
2025-11-14T18:23:06.535515+00:00,8,0.0,8	0
2025-11-14T18:23:06.539590+00:00,0,0.0,0	0
2025-11-14T18:23:06.547739+00:00,-7,0.0,-7	0
2025-11-14T18:23:06.551959+00:00,12,0.0,12	0
2025-11-14T18:23:06.560028+00:00,0,0.0,0	0
2025-11-14T18:23:06.564157+00:00,0,0.0,0	0
2025-11-14T18:23:06.568185+00:00,15,0.0,15	0
2025-11-14T18:23:06.576344+00:00,4,0.0,4	0
2025-11-14T18:23:06.580553+00:00,-5,0.0,-5	0
2025-11-14T18:23:06.588658+00:00,16,0.0,16	0
2025-11-14T18:23:06.592801+00:00,1,0.0,1	0
2025-11-14T18:23:06.596870+00:00,2,0.0,2	0
2025-11-14T18:23:06.605111+00:00,14,0.0,14	0
2025-11-14T18:23:06.609173+00:00,0,0.0,0	0
2025-11-14T18:23:06.613445+00:00,4,0.0,4	0
2025-11-14T18:23:06.621569+00:00,14,0.0,14	0
2025-11-14T18:23:06.625941+00:00,-1,0.0,-1	0
2025-11-14T18:23:06.633852+00:00,0,0.0,0	0
2025-11-14T18:23:06.638330+00:00,15,0.0,15	0
2025-11-14T18:23:06.646163+00:00,-3,0.0,-3	0
2025-11-14T18:23:06.650263+00:00,3,0.0,3	0
2025-11-14T18:23:06.654460+00:00,9,0.0,9	0
2025-11-14T18:23:06.662535+00:00,-9,0.0,-9	0
2025-11-14T18:23:06.666627+00:00,6,0.0,6	0
2025-11-14T18:23:06.671016+00:00,5,0.0,5	0
2025-11-14T18:23:06.679149+00:00,-9,0.0,-9	0
2025-11-14T18:23:06.683204+00:00,4,0.0,4	0
2025-11-14T18:23:06.691173+00:00,3,55.19,3	55.19
2025-11-14T18:23:06.703699+00:00,-2,52.0,-2	52.00
2025-11-14T18:23:06.712024+00:00,0,43.88,0	43.88
2025-11-14T18:23:06.720094+00:00,0,42.84,0	42.84
2025-11-14T18:23:06.732119+00:00,1,42.05,1	42.05
2025-11-14T18:23:06.740415+00:00,-4,42.0,-4	42.00
2025-11-14T18:23:06.748571+00:00,4,41.81,4	41.81
2025-11-14T18:23:06.760809+00:00,-4,41.55,-4	41.55
2025-11-14T18:23:06.768981+00:00,0,40.09,0	40.09
2025-11-14T18:23:06.781238+00:00,-2,38.88,-2	38.88
2025-11-14T18:23:06.789450+00:00,-8,36.35,-8	36.35
2025-11-14T18:23:06.801698+00:00,6,34.25,6	34.25
2025-11-14T18:23:06.809973+00:00,-11,31.79,-11	31.79
2025-11-14T18:23:06.822174+00:00,9,29.95,9	29.95
2025-11-14T18:23:06.830498+00:00,-3,28.23,-3	28.23
2025-11-14T18:23:06.842651+00:00,-6,26.33,-6	26.33
2025-11-14T18:23:06.850956+00:00,10,25.29,10	25.29
2025-11-14T18:23:06.863318+00:00,-13,24.02,-13	24.02
2025-11-14T18:23:06.871712+00:00,3,23.56,3	23.56
2025-11-14T18:23:06.883680+00:00,0,23.0,0	23.00
2025-11-14T18:23:06.891936+00:00,-3,22.92,-3	22.92
2025-11-14T18:23:06.900443+00:00,7,22.89,7	22.89
2025-11-14T18:23:06.912423+00:00,-5,22.9,-5	22.90
2025-11-14T18:23:06.920608+00:00,2,22.83,2	22.83
2025-11-14T18:23:06.932955+00:00,1,22.8,1	22.80
2025-11-14T18:23:06.941167+00:00,-5,22.44,-5	22.44
2025-11-14T18:23:06.949317+00:00,6,22.19,6	22.19
2025-11-14T18:23:06.961556+00:00,-7,21.78,-7	21.78
2025-11-14T18:23:06.969830+00:00,3,20.94,3	20.94
2025-11-14T18:23:06.982139+00:00,1,20.45,1	20.45
2025-11-14T18:23:06.990514+00:00,-6,19.4,-6	19.40
2025-11-14T18:23:07.002639+00:00,12,18.45,12	18.45
2025-11-14T18:23:07.011066+00:00,-10,17.76,-10	17.76
2025-11-14T18:23:07.023154+00:00,5,16.42,5	16.42
2025-11-14T18:23:07.031468+00:00,-1,15.57,-1	15.57
2025-11-14T18:23:07.043430+00:00,-8,14.73,-8	14.73
2025-11-14T18:23:07.051999+00:00,12,13.55,12	13.55
2025-11-14T18:23:07.064358+00:00,-8,13.03,-8	13.03
2025-11-14T18:23:07.072407+00:00,6,12.17,6	12.17
2025-11-14T18:23:07.080694+00:00,3,11.47,3	11.47
2025-11-14T18:23:07.092875+00:00,-4,11.22,-4	11.22
2025-11-14T18:23:07.101123+00:00,7,10.61,7	10.61
2025-11-14T18:23:07.113278+00:00,-6,10.44,-6	10.44
2025-11-14T18:23:07.121660+00:00,5,10.3,5	10.30
2025-11-14T18:23:07.129867+00:00,1,10.12,1	10.12
2025-11-14T18:23:07.142022+00:00,-2,10.12,-2	10.12
2025-11-14T18:23:07.150270+00:00,9,10.15,9	10.15
2025-11-14T18:23:07.162388+00:00,-9,10.19,-9	10.19
2025-11-14T18:23:07.170592+00:00,5,10.09,5	10.09
2025-11-14T18:23:07.178725+00:00,-1,10.09,-1	10.09
2025-11-14T18:23:07.191039+00:00,-5,10.08,-5	10.08
2025-11-14T18:23:07.199422+00:00,6,9.92,6	9.92
2025-11-14T18:23:07.207961+00:00,-6,9.88,-6	9.88
2025-11-14T18:23:07.216347+00:00,5,9.69,5	9.69
2025-11-14T18:23:07.227935+00:00,-3,9.57,-3	9.57
2025-11-14T18:23:07.236338+00:00,1,9.38,1	9.38
2025-11-14T18:23:07.244488+00:00,0,8.99,0	8.99
2025-11-14T18:23:07.252756+00:00,-4,8.83,-4	8.83
2025-11-14T18:23:07.260685+00:00,3,8.42,3	8.42
2025-11-14T18:23:07.268834+00:00,-4,8.33,-4	8.33
2025-11-14T18:23:07.276928+00:00,2,8.03,2	8.03
2025-11-14T18:23:07.289188+00:00,-2,7.81,-2	7.81
2025-11-14T18:23:07.297363+00:00,2,7.64,2	7.64
2025-11-14T18:23:07.305582+00:00,-2,7.32,-2	7.32
2025-11-14T18:23:07.313894+00:00,-2,7.26,-2	7.26
2025-11-14T18:23:07.322027+00:00,-1,6.88,-1	6.88
2025-11-14T18:23:07.334654+00:00,1,6.85,1	6.85
2025-11-14T18:23:07.342706+00:00,2,6.55,2	6.55
2025-11-14T18:23:07.350863+00:00,-2,6.54,-2	6.54
2025-11-14T18:23:07.359276+00:00,1,6.52,1	6.52
2025-11-14T18:23:07.367148+00:00,0,6.44,0	6.44
2025-11-14T18:23:07.375663+00:00,3,6.43,3	6.43
2025-11-14T18:23:07.383529+00:00,-3,6.18,-3	6.18
2025-11-14T18:23:07.391692+00:00,2,6.13,2	6.13
2025-11-14T18:23:07.399858+00:00,3,6.14,3	6.14
2025-11-14T18:23:07.408083+00:00,5,6.12,5	6.12
2025-11-14T18:23:07.416188+00:00,0,6.0,0	6.00
2025-11-14T18:23:07.424660+00:00,1,6.0,1	6.00
2025-11-14T18:23:07.432676+00:00,3,6.01,3	6.01
2025-11-14T18:23:07.444854+00:00,-1,5.82,-1	5.82
2025-11-14T18:23:07.453084+00:00,5,5.83,5	5.83
2025-11-14T18:23:07.461346+00:00,-3,5.81,-3	5.81
2025-11-14T18:23:07.469678+00:00,1,5.59,1	5.59
2025-11-14T18:23:07.477661+00:00,-1,5.59,-1	5.59
2025-11-14T18:23:07.489978+00:00,-2,5.59,-2	5.59
2025-11-14T18:23:07.498138+00:00,-1,5.41,-1	5.41
2025-11-14T18:23:07.506403+00:00,-3,5.42,-3	5.42
2025-11-14T18:23:07.514572+00:00,0,5.41,0	5.41
2025-11-14T18:23:07.523035+00:00,-2,5.22,-2	5.22
2025-11-14T18:23:07.531339+00:00,0,5.22,0	5.22
2025-11-14T18:23:07.543323+00:00,-2,5.23,-2	5.23
2025-11-14T18:23:07.551687+00:00,-1,5.01,-1	5.01
2025-11-14T18:23:07.560000+00:00,-2,5.0,-2	5.00
2025-11-14T18:23:07.567947+00:00,0,4.99,0	4.99
2025-11-14T18:23:07.576043+00:00,5,4.94,5	4.94
2025-11-14T18:23:07.588405+00:00,-3,4.87,-3	4.87
2025-11-14T18:23:07.596893+00:00,3,4.84,3	4.84
2025-11-14T18:23:07.604861+00:00,-1,4.81,-1	4.81
2025-11-14T18:23:07.613200+00:00,1,4.73,1	4.73
2025-11-14T18:23:07.621457+00:00,0,4.71,0	4.71
2025-11-14T18:23:07.629561+00:00,0,4.7,0	4.70
2025-11-14T18:23:07.637950+00:00,3,4.71,3	4.71
2025-11-14T18:23:07.646345+00:00,-1,4.71,-1	4.71
2025-11-14T18:23:07.654359+00:00,0,4.71,0	4.71
2025-11-14T18:23:07.666167+00:00,-2,4.71,-2	4.71
2025-11-14T18:23:07.674322+00:00,0,4.69,0	4.69
2025-11-14T18:23:07.682517+00:00,-1,4.68,-1	4.68
2025-11-14T18:23:07.690801+00:00,1,4.66,1	4.66
2025-11-14T18:23:07.698880+00:00,-2,4.67,-2	4.67
2025-11-14T18:23:07.711326+00:00,-2,4.67,-2	4.67
2025-11-14T18:23:07.719537+00:00,1,4.6,1	4.60
2025-11-14T18:23:07.727660+00:00,3,4.57,3	4.57
2025-11-14T18:23:07.736075+00:00,0,4.44,0	4.44
2025-11-14T18:23:07.744021+00:00,4,4.36,4	4.36
2025-11-14T18:23:07.752341+00:00,0,4.35,0	4.35
2025-11-14T18:23:07.760382+00:00,1,4.31,1	4.31
2025-11-14T18:23:07.768612+00:00,0,4.19,0	4.19
2025-11-14T18:23:07.776691+00:00,1,3.99,1	3.99
2025-11-14T18:23:07.784999+00:00,2,3.98,2	3.98
2025-11-14T18:23:07.793271+00:00,-3,3.99,-3	3.99
2025-11-14T18:23:07.801729+00:00,3,3.99,3	3.99
2025-11-14T18:23:07.809868+00:00,-3,3.94,-3	3.94
2025-11-14T18:23:07.818301+00:00,2,3.92,2	3.92
2025-11-14T18:23:07.830163+00:00,0,3.91,0	3.91
2025-11-14T18:23:07.838253+00:00,0,3.91,0	3.91
2025-11-14T18:23:07.846761+00:00,0,3.88,0	3.88
2025-11-14T18:23:07.854798+00:00,-1,3.83,-1	3.83
2025-11-14T18:23:07.863010+00:00,-1,3.77,-1	3.77
2025-11-14T18:23:07.871190+00:00,-3,3.77,-3	3.77
2025-11-14T18:23:07.879542+00:00,4,3.79,4	3.79
2025-11-14T18:23:07.887506+00:00,0,3.74,0	3.74
2025-11-14T18:23:07.899663+00:00,-2,3.55,-2	3.55
2025-11-14T18:23:07.907918+00:00,0,3.4,0	3.40
2025-11-14T18:23:07.916528+00:00,2,3.37,2	3.37
2025-11-14T18:23:07.924531+00:00,0,3.37,0	3.37
2025-11-14T18:23:07.932786+00:00,-1,3.28,-1	3.28
2025-11-14T18:23:07.941011+00:00,-1,3.05,-1	3.05
2025-11-14T18:23:07.949442+00:00,0,2.94,0	2.94
2025-11-14T18:23:07.957378+00:00,3,2.9,3	2.90
2025-11-14T18:23:07.969341+00:00,-3,2.9,-3	2.90
2025-11-14T18:23:07.977392+00:00,0,2.87,0	2.87
2025-11-14T18:23:07.985642+00:00,1,2.79,1	2.79
2025-11-14T18:23:07.993962+00:00,2,2.73,2	2.73
2025-11-14T18:23:08.002136+00:00,-1,2.68,-1	2.68
2025-11-14T18:23:08.010278+00:00,0,2.68,0	2.68
2025-11-14T18:23:08.018439+00:00,0,2.67,0	2.67
2025-11-14T18:23:08.026557+00:00,0,2.52,0	2.52
2025-11-14T18:23:08.034882+00:00,4,2.39,4	2.39
2025-11-14T18:23:08.043035+00:00,0,2.33,0	2.33
2025-11-14T18:23:08.051301+00:00,0,2.33,0	2.33
2025-11-14T18:23:08.060007+00:00,0,2.28,0	2.28
2025-11-14T18:23:08.067938+00:00,0,2.2,0	2.20
2025-11-14T18:23:08.080105+00:00,-2,2.12,-2	2.12
2025-11-14T18:23:08.088046+00:00,1,2.06,1	2.06
2025-11-14T18:23:08.096343+00:00,-1,2.04,-1	2.04
2025-11-14T18:23:08.104446+00:00,-1,2.04,-1	2.04
2025-11-14T18:23:08.112712+00:00,0,2.04,0	2.04
2025-11-14T18:23:08.124981+00:00,-2,2.01,-2	2.01
2025-11-14T18:23:08.133308+00:00,2,2.0,2	2.00
2025-11-14T18:23:08.141289+00:00,1,1.96,1	1.96
2025-11-14T18:23:08.149552+00:00,-1,1.96,-1	1.96
2025-11-14T18:23:08.157751+00:00,-3,1.97,-3	1.97
2025-11-14T18:23:08.165977+00:00,3,1.98,3	1.98
2025-11-14T18:23:08.174565+00:00,1,1.97,1	1.97
2025-11-14T18:23:08.186761+00:00,-4,2.0,-4	2.00
2025-11-14T18:23:08.194824+00:00,0,2.0,0	2.00
2025-11-14T18:23:08.203035+00:00,0,2.0,0	2.00
2025-11-14T18:23:08.211076+00:00,2,2.0,2	2.00
2025-11-14T18:23:08.219253+00:00,1,1.99,1	1.99
2025-11-14T18:23:08.227723+00:00,2,2.0,2	2.00
2025-11-14T18:23:08.235991+00:00,-3,2.02,-3	2.02
2025-11-14T18:23:08.244063+00:00,-4,2.04,-4	2.04
2025-11-14T18:23:08.252171+00:00,2,2.03,2	2.03
2025-11-14T18:23:08.264231+00:00,-1,2.02,-1	2.02
2025-11-14T18:23:08.272391+00:00,1,2.0,1	2.00
2025-11-14T18:23:08.280589+00:00,0,1.94,0	1.94
2025-11-14T18:23:08.288887+00:00,-1,1.94,-1	1.94
2025-11-14T18:23:08.297078+00:00,1,1.94,1	1.94
2025-11-14T18:23:08.305158+00:00,1,1.92,1	1.92
2025-11-14T18:23:08.313553+00:00,0,1.92,0	1.92
2025-11-14T18:23:08.321587+00:00,0,1.85,0	1.85
2025-11-14T18:23:08.329777+00:00,-1,1.83,-1	1.83
2025-11-14T18:23:08.342289+00:00,-1,1.83,-1	1.83
2025-11-14T18:23:08.350580+00:00,0,1.82,0	1.82
2025-11-14T18:23:08.358762+00:00,1,1.82,1	1.82
2025-11-14T18:23:08.366643+00:00,1,1.82,1	1.82
2025-11-14T18:23:08.375254+00:00,0,1.79,0	1.79
2025-11-14T18:23:08.383175+00:00,0,1.79,0	1.79
2025-11-14T18:23:08.391277+00:00,0,1.78,0	1.78
2025-11-14T18:23:08.399456+00:00,1,1.78,1	1.78
2025-11-14T18:23:08.407939+00:00,2,1.78,2	1.78
2025-11-14T18:23:08.415878+00:00,-4,1.82,-4	1.82
2025-11-14T18:23:08.423996+00:00,-3,1.84,-3	1.84
2025-11-14T18:23:08.432313+00:00,2,1.85,2	1.85
2025-11-14T18:23:08.444853+00:00,-6,1.88,-6	1.88
2025-11-14T18:23:08.452787+00:00,1,1.86,1	1.86
2025-11-14T18:23:08.461096+00:00,4,1.88,4	1.88
2025-11-14T18:23:08.469112+00:00,-3,1.9,-3	1.90
2025-11-14T18:23:08.477653+00:00,-1,1.9,-1	1.90
2025-11-14T18:23:08.485812+00:00,0,1.9,0	1.90
2025-11-14T18:23:08.494153+00:00,2,1.91,2	1.91
2025-11-14T18:23:08.506102+00:00,-2,1.89,-2	1.89
2025-11-14T18:23:08.514306+00:00,0,1.89,0	1.89
2025-11-14T18:23:08.522500+00:00,0,1.89,0	1.89
2025-11-14T18:23:08.530666+00:00,1,1.88,1	1.88
2025-11-14T18:23:08.539148+00:00,0,1.88,0	1.88
2025-11-14T18:23:08.547164+00:00,-2,1.89,-2	1.89
2025-11-14T18:23:08.555628+00:00,1,1.89,1	1.89
2025-11-14T18:23:08.563580+00:00,0,1.88,0	1.88
2025-11-14T18:23:08.571760+00:00,4,1.91,4	1.91
2025-11-14T18:23:08.579734+00:00,2,1.92,2	1.92
2025-11-14T18:23:08.588235+00:00,0,1.9,0	1.90
2025-11-14T18:23:08.596178+00:00,-3,1.92,-3	1.92
2025-11-14T18:23:08.608615+00:00,-3,1.9,-3	1.90
2025-11-14T18:23:08.616480+00:00,3,1.93,3	1.93
2025-11-14T18:23:08.624668+00:00,0,1.92,0	1.92
2025-11-14T18:23:08.633001+00:00,-1,1.93,-1	1.93
2025-11-14T18:23:08.641047+00:00,0,1.92,0	1.92
2025-11-14T18:23:08.649262+00:00,2,1.92,2	1.92
2025-11-14T18:23:08.657434+00:00,4,1.94,4	1.94
2025-11-14T18:23:08.665626+00:00,-3,1.94,-3	1.94
2025-11-14T18:23:08.673838+00:00,0,1.92,0	1.92
2025-11-14T18:23:08.686096+00:00,1,1.91,1	1.91
2025-11-14T18:23:08.694255+00:00,0,1.91,0	1.91
2025-11-14T18:23:08.702503+00:00,-1,1.91,-1	1.91
2025-11-14T18:23:08.710727+00:00,0,1.91,0	1.91
2025-11-14T18:23:08.718908+00:00,3,1.93,3	1.93
2025-11-14T18:23:08.727067+00:00,0,1.93,0	1.93
2025-11-14T18:23:08.735268+00:00,-1,1.91,-1	1.91
2025-11-14T18:23:08.743529+00:00,1,1.87,1	1.87
2025-11-14T18:23:08.751773+00:00,0,1.87,0	1.87
2025-11-14T18:23:08.764083+00:00,-4,1.9,-4	1.90
2025-11-14T18:23:08.772179+00:00,0,1.9,0	1.90
2025-11-14T18:23:08.780370+00:00,1,1.89,1	1.89
2025-11-14T18:23:08.788917+00:00,0,1.89,0	1.89
2025-11-14T18:23:08.796816+00:00,0,1.89,0	1.89
2025-11-14T18:23:08.805421+00:00,-1,1.89,-1	1.89
2025-11-14T18:23:08.813176+00:00,-2,1.9,-2	1.90
2025-11-14T18:23:08.825622+00:00,-3,1.9,-3	1.90
2025-11-14T18:23:08.834049+00:00,4,1.92,4	1.92
2025-11-14T18:23:08.841793+00:00,1,1.92,1	1.92
2025-11-14T18:23:08.850556+00:00,-2,1.93,-2	1.93
2025-11-14T18:23:08.858254+00:00,0,1.92,0	1.92
2025-11-14T18:23:08.866832+00:00,0,1.92,0	1.92
2025-11-14T18:23:08.874976+00:00,2,1.93,2	1.93
2025-11-14T18:23:08.882957+00:00,-1,1.93,-1	1.93
2025-11-14T18:23:08.895477+00:00,-1,1.93,-1	1.93
2025-11-14T18:23:08.903467+00:00,3,1.92,3	1.92
2025-11-14T18:23:08.911744+00:00,1,1.92,1	1.92
2025-11-14T18:23:08.919885+00:00,0,1.92,0	1.92
2025-11-14T18:23:08.927956+00:00,0,1.92,0	1.92
2025-11-14T18:23:08.936467+00:00,-2,1.93,-2	1.93
2025-11-14T18:23:08.944327+00:00,0,1.92,0	1.92
2025-11-14T18:23:08.952764+00:00,0,1.92,0	1.92
2025-11-14T18:23:08.960738+00:00,0,1.91,0	1.91
2025-11-14T18:23:08.969230+00:00,1,1.91,1	1.91
2025-11-14T18:23:08.977120+00:00,-2,1.92,-2	1.92
2025-11-14T18:23:08.985635+00:00,1,1.92,1	1.92
2025-11-14T18:23:08.997832+00:00,-1,1.91,-1	1.91
2025-11-14T18:23:09.006043+00:00,0,1.91,0	1.91
2025-11-14T18:23:09.014242+00:00,-1,1.91,-1	1.91
2025-11-14T18:23:09.022330+00:00,-1,1.88,-1	1.88
2025-11-14T18:23:09.030444+00:00,1,1.86,1	1.86
2025-11-14T18:23:09.042825+00:00,-1,1.86,-1	1.86
2025-11-14T18:23:09.050867+00:00,0,1.82,0	1.82
2025-11-14T18:23:09.059249+00:00,0,1.82,0	1.82
2025-11-14T18:23:09.067509+00:00,-3,1.84,-3	1.84
2025-11-14T18:23:09.075785+00:00,0,1.83,0	1.83
2025-11-14T18:23:09.083623+00:00,0,1.83,0	1.83
2025-11-14T18:23:09.092143+00:00,2,1.83,2	1.83
2025-11-14T18:23:09.100244+00:00,0,1.81,0	1.81
2025-11-14T18:23:09.108627+00:00,1,1.76,1	1.76
2025-11-14T18:23:09.116686+00:00,0,1.75,0	1.75
2025-11-14T18:23:09.125557+00:00,0,1.75,0	1.75
2025-11-14T18:23:09.132807+00:00,3,1.77,3	1.77
2025-11-14T18:23:09.141317+00:00,1,1.77,1	1.77
2025-11-14T18:23:09.149606+00:00,1,1.77,1	1.77
2025-11-14T18:23:09.157954+00:00,-1,1.77,-1	1.77
2025-11-14T18:23:09.165897+00:00,1,1.77,1	1.77
2025-11-14T18:23:09.177888+00:00,-2,1.79,-2	1.79
2025-11-14T18:23:09.186339+00:00,5,1.85,5	1.85
2025-11-14T18:23:09.194239+00:00,2,1.86,2	1.86
2025-11-14T18:23:09.202595+00:00,-3,1.88,-3	1.88
2025-11-14T18:23:09.210705+00:00,2,1.89,2	1.89
2025-11-14T18:23:09.219101+00:00,-2,1.9,-2	1.90
2025-11-14T18:23:09.226994+00:00,1,1.9,1	1.90
2025-11-14T18:23:09.239319+00:00,-4,1.94,-4	1.94
2025-11-14T18:23:09.247963+00:00,0,1.94,0	1.94
2025-11-14T18:23:09.255896+00:00,1,1.95,1	1.95
2025-11-14T18:23:09.264554+00:00,0,1.94,0	1.94
2025-11-14T18:23:09.272378+00:00,0,1.93,0	1.93
2025-11-14T18:23:09.280506+00:00,-3,1.92,-3	1.92
2025-11-14T18:23:09.288575+00:00,-1,1.89,-1	1.89
2025-11-14T18:23:09.297056+00:00,0,1.88,0	1.88
2025-11-14T18:23:09.304754+00:00,0,1.79,0	1.79
2025-11-14T18:23:09.317083+00:00,-2,1.79,-2	1.79
2025-11-14T18:23:09.325271+00:00,2,1.76,2	1.76
2025-11-14T18:23:09.333514+00:00,-7,1.87,-7	1.87
2025-11-14T18:23:09.341782+00:00,0,1.87,0	1.87
2025-11-14T18:23:09.350126+00:00,5,1.93,5	1.93
2025-11-14T18:23:09.358103+00:00,2,1.93,2	1.93
2025-11-14T18:23:09.366574+00:00,1,1.93,1	1.93
2025-11-14T18:23:09.374759+00:00,0,1.93,0	1.93
2025-11-14T18:23:09.382754+00:00,-4,1.97,-4	1.97
2025-11-14T18:23:09.394923+00:00,3,1.99,3	1.99
2025-11-14T18:23:09.403125+00:00,-2,2.0,-2	2.00
2025-11-14T18:23:09.411582+00:00,-4,2.03,-4	2.03
2025-11-14T18:23:09.419656+00:00,14,2.46,14	2.46
2025-11-14T18:23:09.431987+00:00,-4,2.49,-4	2.49
2025-11-14T18:23:09.440153+00:00,1,2.46,1	2.46
2025-11-14T18:23:09.448417+00:00,19,3.1,19	3.10
2025-11-14T18:23:09.456428+00:00,-2,3.11,-2	3.11
2025-11-14T18:23:09.468609+00:00,-3,3.11,-3	3.11
2025-11-14T18:23:09.476786+00:00,1,3.1,1	3.10
2025-11-14T18:23:09.485017+00:00,-11,3.27,-11	3.27
2025-11-14T18:23:09.497310+00:00,-11,3.45,-11	3.45
2025-11-14T18:23:09.505425+00:00,9,3.57,9	3.57
2025-11-14T18:23:09.513651+00:00,1,3.57,1	3.57
2025-11-14T18:23:09.521855+00:00,-32,4.79,-32	4.79
2025-11-14T18:23:09.534101+00:00,-11,4.9,-11	4.90
2025-11-14T18:23:09.542419+00:00,14,5.09,14	5.09
2025-11-14T18:23:09.550584+00:00,55,7.49,55	7.49
2025-11-14T18:23:09.562857+00:00,-23,7.84,-23	7.84
2025-11-14T18:23:09.571181+00:00,-15,7.98,-15	7.98
2025-11-14T18:23:09.583272+00:00,54,9.63,54	9.63
2025-11-14T18:23:09.595640+00:00,-158,18.5,-158	18.50
2025-11-14T18:23:09.603839+00:00,31,18.76,31	18.76
2025-11-14T18:23:09.616075+00:00,52,19.47,52	19.47
2025-11-14T18:23:09.628387+00:00,-106,22.17,-106	22.17
2025-11-14T18:23:09.640727+00:00,141,26.27,141	26.27
2025-11-14T18:23:09.648894+00:00,-17,26.33,-17	26.33
2025-11-14T18:23:09.661171+00:00,-102,28.23,-102	28.23
2025-11-14T18:23:09.673389+00:00,42,28.54,42	28.54
2025-11-14T18:23:09.685677+00:00,81,29.67,81	29.67
2025-11-14T18:23:09.693909+00:00,115,31.82,115	31.82
2025-11-14T18:23:09.706183+00:00,100,33.35,100	33.35
2025-11-14T18:23:09.718460+00:00,24,33.44,24	33.44
2025-11-14T18:23:09.726712+00:00,-50,33.81,-50	33.81
2025-11-14T18:23:09.743132+00:00,-244,41.69,-244	41.69
2025-11-14T18:23:09.751379+00:00,-77,42.4,-77	42.40
2025-11-14T18:23:09.763506+00:00,92,43.38,92	43.38
2025-11-14T18:23:09.771963+00:00,28,43.47,28	43.47
2025-11-14T18:23:09.784140+00:00,233,49.32,233	49.32
2025-11-14T18:23:09.796302+00:00,-16,49.35,-16	49.35
2025-11-14T18:23:09.808706+00:00,-120,50.79,-120	50.79
2025-11-14T18:23:09.821048+00:00,-6,50.79,-6	50.79
2025-11-14T18:23:09.829523+00:00,89,51.56,89	51.56
2025-11-14T18:23:09.841407+00:00,-82,52.21,-82	52.21
2025-11-14T18:23:09.853954+00:00,-106,53.28,-106	53.28
2025-11-14T18:23:09.862234+00:00,39,53.42,39	53.42
2025-11-14T18:23:09.874896+00:00,-124,54.84,-124	54.84
2025-11-14T18:23:09.887074+00:00,13,54.85,13	54.85
2025-11-14T18:23:09.899144+00:00,-74,55.35,-74	55.35
2025-11-14T18:23:09.907769+00:00,81,55.94,81	55.94
2025-11-14T18:23:09.919815+00:00,-20,55.98,-20	55.98
2025-11-14T18:23:09.931978+00:00,-148,57.9,-148	57.90
2025-11-14T18:23:09.944249+00:00,30,57.98,30	57.98
2025-11-14T18:23:09.956355+00:00,-30,58.05,-30	58.05
2025-11-14T18:23:09.964633+00:00,33,58.15,33	58.15
2025-11-14T18:23:09.977060+00:00,-24,58.2,-24	58.20
2025-11-14T18:23:09.985359+00:00,83,58.79,83	58.79
2025-11-14T18:23:09.997556+00:00,24,58.84,24	58.84
2025-11-14T18:23:10.005592+00:00,20,58.87,20	58.87
2025-11-14T18:23:10.017642+00:00,69,59.27,69	59.27
2025-11-14T18:23:10.029846+00:00,-5,59.27,-5	59.27
2025-11-14T18:23:10.038069+00:00,53,59.51,53	59.51
2025-11-14T18:23:10.046403+00:00,2,59.51,2	59.51
2025-11-14T18:23:10.058647+00:00,25,59.56,25	59.56
2025-11-14T18:23:10.066813+00:00,44,59.73,44	59.73
2025-11-14T18:23:10.079111+00:00,16,59.75,16	59.75
2025-11-14T18:23:10.087261+00:00,5,59.75,5	59.75
2025-11-14T18:23:10.099963+00:00,12,59.76,12	59.76
2025-11-14T18:23:10.108120+00:00,-9,59.77,-9	59.77
2025-11-14T18:23:10.120127+00:00,4,59.77,4	59.77
2025-11-14T18:23:10.128623+00:00,-5,59.77,-5	59.77
2025-11-14T18:23:10.140675+00:00,-5,59.77,-5	59.77
2025-11-14T18:23:10.149043+00:00,5,59.77,5	59.77
2025-11-14T18:23:10.161174+00:00,-24,59.82,-24	59.82
2025-11-14T18:23:10.169223+00:00,9,59.83,9	59.83
2025-11-14T18:23:10.181868+00:00,-14,59.84,-14	59.84
2025-11-14T18:23:10.190127+00:00,-6,59.85,-6	59.85
2025-11-14T18:23:10.202240+00:00,-5,59.85,-5	59.85
2025-11-14T18:23:10.214557+00:00,-12,59.86,-12	59.86
2025-11-14T18:23:10.223067+00:00,1,59.86,1	59.86
2025-11-14T18:23:10.234855+00:00,-15,59.88,-15	59.88
2025-11-14T18:23:10.247165+00:00,-13,59.89,-13	59.89
2025-11-14T18:23:10.255788+00:00,0,59.89,0	59.89
2025-11-14T18:23:10.263807+00:00,0,59.89,0	59.89
2025-11-14T18:23:10.275866+00:00,-12,59.9,-12	59.90
2025-11-14T18:23:10.283960+00:00,0,59.9,0	59.90
2025-11-14T18:23:10.296172+00:00,-12,59.91,-12	59.91
2025-11-14T18:23:10.308431+00:00,-4,59.91,-4	59.91
2025-11-14T18:23:10.316636+00:00,0,59.91,0	59.91
2025-11-14T18:23:10.328895+00:00,-11,59.92,-11	59.92
2025-11-14T18:23:10.337166+00:00,6,59.93,6	59.93
2025-11-14T18:23:10.349464+00:00,-13,59.94,-13	59.94
2025-11-14T18:23:10.357827+00:00,-6,59.94,-6	59.94
2025-11-14T18:23:10.365789+00:00,6,59.94,6	59.94
2025-11-14T18:23:10.378132+00:00,-10,59.95,-10	59.95
2025-11-14T18:23:10.390421+00:00,4,59.95,4	59.95
2025-11-14T18:23:10.398676+00:00,0,59.95,0	59.95
2025-11-14T18:23:10.407022+00:00,-2,59.95,-2	59.95
2025-11-14T18:23:10.419265+00:00,7,59.95,7	59.95
2025-11-14T18:23:10.427397+00:00,-10,59.96,-10	59.96
2025-11-14T18:23:10.439545+00:00,6,59.96,6	59.96
2025-11-14T18:23:10.448068+00:00,0,59.96,0	59.96
2025-11-14T18:23:10.456291+00:00,1,59.96,1	59.96
2025-11-14T18:23:10.468488+00:00,14,59.96,14	59.96
2025-11-14T18:23:10.480696+00:00,-11,59.97,-11	59.97
2025-11-14T18:23:10.489009+00:00,12,59.98,12	59.98
2025-11-14T18:23:10.497289+00:00,1,59.95,1	59.95
2025-11-14T18:23:10.509376+00:00,-4,59.95,-4	59.95
2025-11-14T18:23:10.517783+00:00,14,59.97,14	59.97
2025-11-14T18:23:10.529949+00:00,-6,59.97,-6	59.97
2025-11-14T18:23:10.538195+00:00,2,59.96,2	59.96
2025-11-14T18:23:10.550386+00:00,0,59.95,0	59.95
2025-11-14T18:23:10.558660+00:00,-1,59.95,-1	59.95
2025-11-14T18:23:10.566963+00:00,9,59.95,9	59.95
2025-11-14T18:23:10.578865+00:00,0,59.87,0	59.87
2025-11-14T18:23:10.587099+00:00,7,59.86,7	59.86
2025-11-14T18:23:10.595600+00:00,4,59.85,4	59.85
2025-11-14T18:23:10.607509+00:00,1,59.59,1	59.59
2025-11-14T18:23:10.616243+00:00,4,59.55,4	59.55
2025-11-14T18:23:10.624577+00:00,-5,59.53,-5	59.53
2025-11-14T18:23:10.636345+00:00,8,59.29,8	59.29
2025-11-14T18:23:10.645000+00:00,-5,57.15,-5	57.15
2025-11-14T18:23:10.657035+00:00,-4,57.07,-4	57.07
2025-11-14T18:23:10.665512+00:00,7,56.84,7	56.84
2025-11-14T18:23:10.677177+00:00,-8,55.84,-8	55.84
2025-11-14T18:23:10.685610+00:00,7,54.04,7	54.04
2025-11-14T18:23:10.693874+00:00,-7,54.02,-7	54.02
2025-11-14T18:23:10.706137+00:00,3,53.05,3	53.05
2025-11-14T18:23:10.714544+00:00,4,52.88,4	52.88
2025-11-14T18:23:10.723124+00:00,-7,52.26,-7	52.26
2025-11-14T18:23:10.734805+00:00,5,50.98,5	50.98
2025-11-14T18:23:10.746943+00:00,-10,50.0,-10	50.00
2025-11-14T18:23:10.755281+00:00,8,49.95,8	49.95
2025-11-14T18:23:10.763619+00:00,-3,49.7,-3	49.70
2025-11-14T18:23:10.775986+00:00,-5,43.3,-5	43.30
2025-11-14T18:23:10.784253+00:00,9,42.62,9	42.62
2025-11-14T18:23:10.796277+00:00,-16,41.65,-16	41.65
2025-11-14T18:23:10.804499+00:00,4,41.56,4	41.56
2025-11-14T18:23:10.816547+00:00,-3,34.41,-3	34.41
2025-11-14T18:23:10.828726+00:00,-14,34.4,-14	34.40
2025-11-14T18:23:10.837015+00:00,16,32.28,16	32.28
2025-11-14T18:23:10.849416+00:00,-7,32.28,-7	32.28
2025-11-14T18:23:10.857481+00:00,-4,31.03,-4	31.03
2025-11-14T18:23:10.869633+00:00,10,29.95,10	29.95
2025-11-14T18:23:10.882497+00:00,-14,28.04,-14	28.04
2025-11-14T18:23:10.890144+00:00,0,27.77,0	27.77
2025-11-14T18:23:10.898364+00:00,2,24.85,2	24.85
2025-11-14T18:23:10.910671+00:00,-6,24.82,-6	24.82
2025-11-14T18:23:10.919301+00:00,12,23.73,12	23.73
2025-11-14T18:23:10.927171+00:00,0,22.3,0	22.30
2025-11-14T18:23:10.939364+00:00,13,22.25,13	22.25
2025-11-14T18:23:10.947709+00:00,6,16.62,6	16.62
2025-11-14T18:23:10.959906+00:00,-19,16.46,-19	16.46
2025-11-14T18:23:10.972511+00:00,20,16.31,20	16.31
2025-11-14T18:23:10.980400+00:00,-6,15.98,-6	15.98
2025-11-14T18:23:10.992611+00:00,-7,15.81,-7	15.81
2025-11-14T18:23:11.000812+00:00,24,13.67,24	13.67
2025-11-14T18:23:11.013133+00:00,-27,13.73,-27	13.73
2025-11-14T18:23:11.021311+00:00,3,13.59,3	13.59
2025-11-14T18:23:11.033908+00:00,-3,11.71,-3	11.71
2025-11-14T18:23:11.045812+00:00,-48,12.64,-48	12.64
2025-11-14T18:23:11.054136+00:00,-1,11.48,-1	11.48
2025-11-14T18:23:11.062312+00:00,9,11.51,9	11.51
2025-11-14T18:23:11.074534+00:00,21,11.43,21	11.43
2025-11-14T18:23:11.083384+00:00,9,10.59,9	10.59
2025-11-14T18:23:11.095603+00:00,-19,10.64,-19	10.64
2025-11-14T18:23:11.107530+00:00,56,12.01,56	12.01
2025-11-14T18:23:11.115835+00:00,54,13.12,54	13.12
2025-11-14T18:23:11.128147+00:00,35,13.55,35	13.55
2025-11-14T18:23:11.136323+00:00,-8,13.56,-8	13.56
2025-11-14T18:23:11.148607+00:00,-49,14.41,-49	14.41
2025-11-14T18:23:11.160867+00:00,-30,14.71,-30	14.71
2025-11-14T18:23:11.173178+00:00,-33,15.07,-33	15.07
2025-11-14T18:23:11.181059+00:00,67,16.32,67	16.32
2025-11-14T18:23:11.189351+00:00,4,16.3,4	16.30
2025-11-14T18:23:11.201625+00:00,32,16.55,32	16.55
2025-11-14T18:23:11.213919+00:00,-62,17.66,-62	17.66
2025-11-14T18:23:11.222340+00:00,-84,19.55,-84	19.55
2025-11-14T18:23:11.234908+00:00,-5,19.52,-5	19.52
2025-11-14T18:23:11.246936+00:00,-138,23.91,-138	23.91
2025-11-14T18:23:11.259091+00:00,54,24.46,54	24.46
2025-11-14T18:23:11.267161+00:00,-9,24.44,-9	24.44
2025-11-14T18:23:11.279498+00:00,19,24.52,19	24.52
2025-11-14T18:23:11.287985+00:00,23,24.63,23	24.63
2025-11-14T18:23:11.300081+00:00,93,26.3,93	26.30
2025-11-14T18:23:11.312252+00:00,168,31.2,168	31.20
2025-11-14T18:23:11.320616+00:00,-32,31.35,-32	31.35
2025-11-14T18:23:11.332625+00:00,75,32.23,75	32.23
2025-11-14T18:23:11.344841+00:00,-99,33.71,-99	33.71
2025-11-14T18:23:11.353035+00:00,-53,34.11,-53	34.11
2025-11-14T18:23:11.365417+00:00,-44,34.39,-44	34.39
2025-11-14T18:23:11.377702+00:00,-8,34.37,-8	34.37
2025-11-14T18:23:11.386114+00:00,16,34.4,16	34.40
2025-11-14T18:23:11.398405+00:00,-26,34.5,-26	34.50
2025-11-14T18:23:11.410557+00:00,44,34.76,44	34.76
2025-11-14T18:23:11.422788+00:00,-152,37.94,-152	37.94
2025-11-14T18:23:11.431230+00:00,38,38.13,38	38.13
2025-11-14T18:23:11.443445+00:00,-76,38.88,-76	38.88
2025-11-14T18:23:11.455916+00:00,115,40.54,115	40.54
2025-11-14T18:23:11.468058+00:00,291,49.89,291	49.89
2025-11-14T18:23:11.476068+00:00,-84,50.59,-84	50.59
2025-11-14T18:23:11.488842+00:00,-56,50.9,-56	50.90
2025-11-14T18:23:11.501070+00:00,-113,52.14,-113	52.14
2025-11-14T18:23:11.513429+00:00,-20,52.16,-20	52.16
2025-11-14T18:23:11.525167+00:00,19,52.18,19	52.18
2025-11-14T18:23:11.533390+00:00,-54,52.44,-54	52.44
2025-11-14T18:23:11.545666+00:00,-119,53.78,-119	53.78
2025-11-14T18:23:11.557917+00:00,-80,54.37,-80	54.37
2025-11-14T18:23:11.570356+00:00,251,59.87,251	59.87
2025-11-14T18:23:11.582393+00:00,-69,60.26,-69	60.26
2025-11-14T18:23:11.594699+00:00,-11,60.27,-11	60.27
2025-11-14T18:23:11.602938+00:00,210,63.82,210	63.82
2025-11-14T18:23:11.615277+00:00,-174,66.15,-174	66.15
2025-11-14T18:23:11.627601+00:00,150,67.83,150	67.83
2025-11-14T18:23:11.639808+00:00,75,68.24,75	68.24
2025-11-14T18:23:11.652065+00:00,-128,69.43,-128	69.43
2025-11-14T18:23:11.660430+00:00,53,69.63,53	69.63
2025-11-14T18:23:11.672725+00:00,-101,70.35,-101	70.35
2025-11-14T18:23:11.685039+00:00,14,70.37,14	70.37
2025-11-14T18:23:11.693574+00:00,40,70.48,40	70.48
2025-11-14T18:23:11.705978+00:00,-24,70.52,-24	70.52
2025-11-14T18:23:11.717986+00:00,28,70.57,28	70.57
2025-11-14T18:23:11.730270+00:00,-33,70.65,-33	70.65
2025-11-14T18:23:11.738535+00:00,11,70.65,11	70.65
2025-11-14T18:23:11.750543+00:00,16,70.66,16	70.66
2025-11-14T18:23:11.758867+00:00,-11,70.67,-11	70.67
2025-11-14T18:23:11.771155+00:00,10,70.67,10	70.67
2025-11-14T18:23:11.783320+00:00,-18,70.7,-18	70.70
2025-11-14T18:23:11.791823+00:00,-1,70.69,-1	70.69
2025-11-14T18:23:11.804142+00:00,2,70.69,2	70.69
2025-11-14T18:23:11.812577+00:00,-5,70.69,-5	70.69
2025-11-14T18:23:11.824395+00:00,-2,70.68,-2	70.68
2025-11-14T18:23:11.832750+00:00,-1,70.68,-1	70.68
2025-11-14T18:23:11.844790+00:00,-9,70.68,-9	70.68
2025-11-14T18:23:11.852986+00:00,3,70.68,3	70.68
2025-11-14T18:23:11.861473+00:00,-5,70.68,-5	70.68
2025-11-14T18:23:11.873425+00:00,-5,70.66,-5	70.66
2025-11-14T18:23:11.881633+00:00,3,70.66,3	70.66
2025-11-14T18:23:11.894080+00:00,-8,70.67,-8	70.67
2025-11-14T18:23:11.902418+00:00,16,70.67,16	70.67
2025-11-14T18:23:11.914415+00:00,-10,70.66,-10	70.66
2025-11-14T18:23:11.926822+00:00,-4,70.66,-4	70.66
2025-11-14T18:23:11.935121+00:00,4,70.66,4	70.66
2025-11-14T18:23:11.947211+00:00,-9,70.66,-9	70.66
2025-11-14T18:23:11.955417+00:00,7,70.65,7	70.65
2025-11-14T18:23:11.963573+00:00,0,70.65,0	70.65
2025-11-14T18:23:11.976130+00:00,-2,70.65,-2	70.65
2025-11-14T18:23:11.984491+00:00,2,70.64,2	70.64
2025-11-14T18:23:11.993019+00:00,-6,70.64,-6	70.64
2025-11-14T18:23:12.004848+00:00,4,70.64,4	70.64
2025-11-14T18:23:12.012974+00:00,0,70.63,0	70.63
2025-11-14T18:23:12.025148+00:00,-2,70.62,-2	70.62
2025-11-14T18:23:12.033152+00:00,3,70.6,3	70.60
2025-11-14T18:23:12.041346+00:00,-6,70.57,-6	70.57
2025-11-14T18:23:12.053558+00:00,7,70.57,7	70.57
2025-11-14T18:23:12.061807+00:00,-10,70.58,-10	70.58
2025-11-14T18:23:12.074059+00:00,4,70.54,4	70.54
2025-11-14T18:23:12.082398+00:00,9,70.49,9	70.49
2025-11-14T18:23:12.094538+00:00,-7,70.49,-7	70.49
2025-11-14T18:23:12.102861+00:00,16,70.51,16	70.51
2025-11-14T18:23:12.115399+00:00,-7,70.35,-7	70.35
2025-11-14T18:23:12.123402+00:00,1,70.35,1	70.35
2025-11-14T18:23:12.131419+00:00,3,70.35,3	70.35
2025-11-14T18:23:12.143810+00:00,-8,70.32,-8	70.32
2025-11-14T18:23:12.152021+00:00,8,70.32,8	70.32
2025-11-14T18:23:12.164257+00:00,-9,70.3,-9	70.30
2025-11-14T18:23:12.172658+00:00,3,70.08,3	70.08
2025-11-14T18:23:12.181342+00:00,6,69.87,6	69.87
2025-11-14T18:23:12.193176+00:00,-11,69.79,-11	69.79
2025-11-14T18:23:12.201518+00:00,10,69.79,10	69.79
2025-11-14T18:23:12.213479+00:00,0,69.62,0	69.62
2025-11-14T18:23:12.221565+00:00,-2,69.56,-2	69.56
2025-11-14T18:23:12.234233+00:00,7,69.48,7	69.48
2025-11-14T18:23:12.242668+00:00,-5,69.16,-5	69.16
2025-11-14T18:23:12.250383+00:00,8,69.16,8	69.16
2025-11-14T18:23:12.262695+00:00,1,69.09,1	69.09
2025-11-14T18:23:12.270739+00:00,3,68.81,3	68.81
2025-11-14T18:23:12.279331+00:00,-1,68.3,-1	68.30
2025-11-14T18:23:12.291793+00:00,-3,68.3,-3	68.30
2025-11-14T18:23:12.303933+00:00,11,66.9,11	66.90
2025-11-14T18:23:12.312385+00:00,-15,66.69,-15	66.69
2025-11-14T18:23:12.324395+00:00,7,66.69,7	66.69
2025-11-14T18:23:12.332478+00:00,1,66.66,1	66.66
2025-11-14T18:23:12.340833+00:00,-9,66.63,-9	66.63
2025-11-14T18:23:12.352874+00:00,12,65.99,12	65.99
2025-11-14T18:23:12.365056+00:00,-12,63.83,-12	63.83
2025-11-14T18:23:12.373194+00:00,0,63.75,0	63.75
2025-11-14T18:23:12.381313+00:00,0,63.3,0	63.30
2025-11-14T18:23:12.393620+00:00,-7,62.53,-7	62.53
2025-11-14T18:23:12.401890+00:00,10,62.31,10	62.31
2025-11-14T18:23:12.414347+00:00,-8,62.16,-8	62.16
2025-11-14T18:23:12.422545+00:00,0,62.16,0	62.16
2025-11-14T18:23:12.434587+00:00,6,62.14,6	62.14
2025-11-14T18:23:12.443440+00:00,-5,62.09,-5	62.09
2025-11-14T18:23:12.451689+00:00,6,61.93,6	61.93
2025-11-14T18:23:12.463469+00:00,-4,60.04,-4	60.04
2025-11-14T18:23:12.471918+00:00,1,59.92,1	59.92
2025-11-14T18:23:12.479915+00:00,3,59.44,3	59.44
2025-11-14T18:23:12.492363+00:00,-3,58.31,-3	58.31
2025-11-14T18:23:12.500238+00:00,8,50.54,8	50.54
2025-11-14T18:23:12.512511+00:00,-6,49.84,-6	49.84
2025-11-14T18:23:12.520670+00:00,4,49.53,4	49.53
2025-11-14T18:23:12.528912+00:00,1,48.22,1	48.22
2025-11-14T18:23:12.541174+00:00,-1,48.18,-1	48.18
2025-11-14T18:23:12.549407+00:00,1,48.14,1	48.14
2025-11-14T18:23:12.561690+00:00,-16,47.87,-16	47.87
2025-11-14T18:23:12.569826+00:00,7,46.37,7	46.37
2025-11-14T18:23:12.582161+00:00,-3,45.67,-3	45.67
2025-11-14T18:23:12.590848+00:00,-5,38.16,-5	38.16
2025-11-14T18:23:12.602939+00:00,13,37.56,13	37.56
2025-11-14T18:23:12.611169+00:00,-5,37.54,-5	37.54
2025-11-14T18:23:12.623309+00:00,7,31.13,7	31.13
2025-11-14T18:23:12.631679+00:00,1,25.81,1	25.81
2025-11-14T18:23:12.639555+00:00,0,21.0,0	21.00
2025-11-14T18:23:12.652057+00:00,-17,19.69,-17	19.69
2025-11-14T18:23:12.664195+00:00,-17,15.06,-17	15.06
2025-11-14T18:23:12.672850+00:00,43,14.74,43	14.74
2025-11-14T18:23:12.684887+00:00,-37,11.36,-37	11.36
2025-11-14T18:23:12.697064+00:00,-17,11.4,-17	11.40
2025-11-14T18:23:12.705632+00:00,69,12.71,69	12.71
2025-11-14T18:23:12.717726+00:00,9,12.51,9	12.51
2025-11-14T18:23:12.725871+00:00,3,12.2,3	12.20
2025-11-14T18:23:12.734281+00:00,9,11.78,9	11.78
2025-11-14T18:23:12.746346+00:00,-51,12.79,-51	12.79
2025-11-14T18:23:12.758286+00:00,-21,12.86,-21	12.86
2025-11-14T18:23:12.766551+00:00,29,13.14,29	13.14
2025-11-14T18:23:12.779101+00:00,-21,13.27,-21	13.27
2025-11-14T18:23:12.791572+00:00,89,15.87,89	15.87
2025-11-14T18:23:12.803381+00:00,-34,16.23,-34	16.23
2025-11-14T18:23:12.812291+00:00,-1,16.23,-1	16.23
2025-11-14T18:23:12.824152+00:00,39,16.69,39	16.69
2025-11-14T18:23:12.836400+00:00,-137,21.59,-137	21.59
2025-11-14T18:23:12.844386+00:00,35,21.87,35	21.87
2025-11-14T18:23:12.856673+00:00,-17,21.92,-17	21.92
2025-11-14T18:23:12.868779+00:00,87,23.58,87	23.58
2025-11-14T18:23:12.877162+00:00,-44,23.98,-44	23.98
2025-11-14T18:23:12.889300+00:00,-21,24.07,-21	24.07
2025-11-14T18:23:12.902029+00:00,142,27.94,142	27.94
2025-11-14T18:23:12.914061+00:00,-106,29.88,-106	29.88
2025-11-14T18:23:12.926422+00:00,-40,30.1,-40	30.10
2025-11-14T18:23:12.938493+00:00,-36,30.3,-36	30.30
2025-11-14T18:23:12.947067+00:00,82,31.39,82	31.39
2025-11-14T18:23:12.959469+00:00,-38,31.61,-38	31.61
2025-11-14T18:23:12.971563+00:00,-182,36.47,-182	36.47
2025-11-14T18:23:12.983834+00:00,-69,37.11,-69	37.11
2025-11-14T18:23:12.992140+00:00,16,37.14,16	37.14
2025-11-14T18:23:13.004375+00:00,28,37.25,28	37.25
2025-11-14T18:23:13.016422+00:00,-24,37.32,-24	37.32
2025-11-14T18:23:13.024611+00:00,83,38.23,83	38.23
2025-11-14T18:23:13.036977+00:00,54,38.61,54	38.61
2025-11-14T18:23:13.045399+00:00,65,39.15,65	39.15
2025-11-14T18:23:13.057696+00:00,104,40.51,104	40.51
2025-11-14T18:23:13.065923+00:00,93,41.56,93	41.56
2025-11-14T18:23:13.077828+00:00,29,41.66,29	41.66
2025-11-14T18:23:13.090441+00:00,42,41.86,42	41.86
2025-11-14T18:23:13.098338+00:00,57,42.24,57	42.24
2025-11-14T18:23:13.110987+00:00,-190,46.31,-190	46.31
2025-11-14T18:23:13.123207+00:00,-45,46.52,-45	46.52
2025-11-14T18:23:13.135408+00:00,166,49.39,166	49.39
2025-11-14T18:23:13.143447+00:00,47,49.59,47	49.59
2025-11-14T18:23:13.155778+00:00,0,49.58,0	49.58
2025-11-14T18:23:13.168159+00:00,-144,51.63,-144	51.63
2025-11-14T18:23:13.176563+00:00,16,51.65,16	51.65
2025-11-14T18:23:13.188506+00:00,-1,51.65,-1	51.65
2025-11-14T18:23:13.196923+00:00,-10,51.65,-10	51.65
2025-11-14T18:23:13.209141+00:00,92,52.46,92	52.46
2025-11-14T18:23:13.221458+00:00,-145,54.42,-145	54.42
2025-11-14T18:23:13.233808+00:00,23,54.47,23	54.47
2025-11-14T18:23:13.242140+00:00,-25,54.51,-25	54.51
2025-11-14T18:23:13.254263+00:00,-238,59.47,-238	59.47
2025-11-14T18:23:13.266495+00:00,-51,59.69,-51	59.69
2025-11-14T18:23:13.278510+00:00,207,63.18,207	63.18
2025-11-14T18:23:13.291219+00:00,-63,63.49,-63	63.49
2025-11-14T18:23:13.303376+00:00,-143,65.08,-143	65.08
2025-11-14T18:23:13.311695+00:00,68,65.43,68	65.43
2025-11-14T18:23:13.323698+00:00,21,65.46,21	65.46
2025-11-14T18:23:13.332442+00:00,86,66.02,86	66.02
2025-11-14T18:23:13.344584+00:00,59,66.29,59	66.29
2025-11-14T18:23:13.356351+00:00,-21,66.32,-21	66.32
2025-11-14T18:23:13.368997+00:00,-115,67.3,-115	67.30
2025-11-14T18:23:13.377296+00:00,45,67.43,45	67.43
2025-11-14T18:23:13.389443+00:00,-46,67.59,-46	67.59
2025-11-14T18:23:13.401500+00:00,-29,67.65,-29	67.65
2025-11-14T18:23:13.413724+00:00,104,68.44,104	68.44
2025-11-14T18:23:13.421920+00:00,18,68.45,18	68.45
2025-11-14T18:23:13.434175+00:00,9,68.45,9	68.45
2025-11-14T18:23:13.442398+00:00,52,68.64,52	68.64
2025-11-14T18:23:13.454773+00:00,116,69.62,116	69.62
2025-11-14T18:23:13.467438+00:00,-115,70.56,-115	70.56
2025-11-14T18:23:13.475615+00:00,18,70.57,18	70.57
2025-11-14T18:23:13.487743+00:00,-22,70.6,-22	70.60
2025-11-14T18:23:13.500412+00:00,-50,70.78,-50	70.78
2025-11-14T18:23:13.508383+00:00,4,70.78,4	70.78
2025-11-14T18:23:13.520289+00:00,-81,71.24,-81	71.24
2025-11-14T18:23:13.532841+00:00,36,71.33,36	71.33
2025-11-14T18:23:13.541003+00:00,-8,71.33,-8	71.33
2025-11-14T18:23:13.552997+00:00,30,71.39,30	71.39
2025-11-14T18:23:13.561208+00:00,-12,71.4,-12	71.40
2025-11-14T18:23:13.573553+00:00,21,71.43,21	71.43
2025-11-14T18:23:13.585973+00:00,18,71.45,18	71.45
2025-11-14T18:23:13.594451+00:00,-6,71.45,-6	71.45
2025-11-14T18:23:13.606332+00:00,19,71.47,19	71.47
2025-11-14T18:23:13.614570+00:00,-7,71.48,-7	71.48
2025-11-14T18:23:13.622727+00:00,9,71.48,9	71.48
2025-11-14T18:23:13.634848+00:00,0,71.48,0	71.48
2025-11-14T18:23:13.643161+00:00,13,71.48,13	71.48
2025-11-14T18:23:13.655407+00:00,8,71.48,8	71.48
2025-11-14T18:23:13.663603+00:00,8,71.48,8	71.48
2025-11-14T18:23:13.671815+00:00,-9,71.49,-9	71.49
2025-11-14T18:23:13.684077+00:00,15,71.49,15	71.49
2025-11-14T18:23:13.692344+00:00,-4,71.49,-4	71.49
2025-11-14T18:23:13.704510+00:00,8,71.49,8	71.49
2025-11-14T18:23:13.712759+00:00,7,71.49,7	71.49
2025-11-14T18:23:13.725075+00:00,-2,71.49,-2	71.49
2025-11-14T18:23:13.733332+00:00,12,71.48,12	71.48
2025-11-14T18:23:13.745518+00:00,-13,71.48,-13	71.48
2025-11-14T18:23:13.753683+00:00,13,71.36,13	71.36
2025-11-14T18:23:13.765976+00:00,-10,71.27,-10	71.27
2025-11-14T18:23:13.778240+00:00,-5,71.25,-5	71.25
2025-11-14T18:23:13.786496+00:00,12,70.93,12	70.93
2025-11-14T18:23:13.798827+00:00,-6,70.92,-6	70.92
2025-11-14T18:23:13.807055+00:00,-2,70.92,-2	70.92
2025-11-14T18:23:13.819698+00:00,2,70.92,2	70.92
2025-11-14T18:23:13.827691+00:00,-9,70.74,-9	70.74
2025-11-14T18:23:13.839840+00:00,-5,70.71,-5	70.71
2025-11-14T18:23:13.847953+00:00,-4,70.65,-4	70.65
2025-11-14T18:23:13.860371+00:00,-17,70.64,-17	70.64
2025-11-14T18:23:13.868513+00:00,3,70.08,3	70.08
2025-11-14T18:23:13.881249+00:00,-8,70.0,-8	70.00
2025-11-14T18:23:13.889375+00:00,-2,70.0,-2	70.00
2025-11-14T18:23:13.901376+00:00,0,69.89,0	69.89
2025-11-14T18:23:13.909840+00:00,-7,68.54,-7	68.54
2025-11-14T18:23:13.917834+00:00,4,68.45,4	68.45
2025-11-14T18:23:13.929983+00:00,-9,68.44,-9	68.44
2025-11-14T18:23:13.938468+00:00,2,67.88,2	67.88
2025-11-14T18:23:13.950737+00:00,0,67.74,0	67.74
2025-11-14T18:23:13.958579+00:00,-4,67.71,-4	67.71
2025-11-14T18:23:13.967373+00:00,9,66.21,9	66.21
2025-11-14T18:23:13.979739+00:00,-6,65.36,-6	65.36
2025-11-14T18:23:13.987679+00:00,0,65.23,0	65.23
2025-11-14T18:23:14.000033+00:00,-2,65.13,-2	65.13
2025-11-14T18:23:14.008076+00:00,-9,64.62,-9	64.62
2025-11-14T18:23:14.020124+00:00,11,64.52,11	64.52
2025-11-14T18:23:14.028705+00:00,-7,61.9,-7	61.90
2025-11-14T18:23:14.040898+00:00,0,61.52,0	61.52
2025-11-14T18:23:14.049096+00:00,3,61.5,3	61.50
2025-11-14T18:23:14.057354+00:00,-3,61.43,-3	61.43
2025-11-14T18:23:14.069983+00:00,13,61.4,13	61.40
2025-11-14T18:23:14.081640+00:00,-6,60.84,-6	60.84
2025-11-14T18:23:14.089601+00:00,6,60.6,6	60.60
2025-11-14T18:23:14.097911+00:00,3,60.25,3	60.25
2025-11-14T18:23:14.110064+00:00,-1,59.35,-1	59.35
2025-11-14T18:23:14.118274+00:00,7,58.62,7	58.62
2025-11-14T18:23:14.126820+00:00,-8,58.55,-8	58.55
2025-11-14T18:23:14.139182+00:00,7,58.41,7	58.41
2025-11-14T18:23:14.147074+00:00,0,58.13,0	58.13
2025-11-14T18:23:14.155469+00:00,0,54.94,0	54.94
2025-11-14T18:23:14.167615+00:00,6,54.76,6	54.76
2025-11-14T18:23:14.175745+00:00,-7,52.18,-7	52.18
2025-11-14T18:23:14.183998+00:00,9,51.98,9	51.98
2025-11-14T18:23:14.196269+00:00,-5,51.98,-5	51.98
2025-11-14T18:23:14.208654+00:00,-1,49.95,-1	49.95
2025-11-14T18:23:14.216955+00:00,6,49.92,6	49.92
2025-11-14T18:23:14.225340+00:00,-7,49.93,-7	49.93
2025-11-14T18:23:14.237344+00:00,8,49.93,8	49.93
2025-11-14T18:23:14.245696+00:00,-7,49.08,-7	49.08
2025-11-14T18:23:14.253975+00:00,3,46.89,3	46.89
2025-11-14T18:23:14.266029+00:00,5,46.83,5	46.83
2025-11-14T18:23:14.274349+00:00,-6,46.77,-6	46.77
2025-11-14T18:23:14.286532+00:00,7,40.27,7	40.27
2025-11-14T18:23:14.294581+00:00,-10,39.96,-10	39.96
2025-11-14T18:23:14.306978+00:00,4,34.18,4	34.18
2025-11-14T18:23:14.315390+00:00,3,33.59,3	33.59
2025-11-14T18:23:14.323297+00:00,-3,30.4,-3	30.40
2025-11-14T18:23:14.335561+00:00,6,29.63,6	29.63
2025-11-14T18:23:14.343981+00:00,-9,29.57,-9	29.57
2025-11-14T18:23:14.356020+00:00,7,28.3,7	28.30
2025-11-14T18:23:14.364219+00:00,0,27.68,0	27.68
2025-11-14T18:23:14.372425+00:00,-4,27.61,-4	27.61
2025-11-14T18:23:14.384897+00:00,9,25.11,9	25.11
2025-11-14T18:23:14.392953+00:00,-9,24.72,-9	24.72
2025-11-14T18:23:14.401090+00:00,3,24.29,3	24.29
2025-11-14T18:23:14.413643+00:00,-3,24.12,-3	24.12
2025-11-14T18:23:14.425670+00:00,-1,21.76,-1	21.76
2025-11-14T18:23:14.433884+00:00,7,21.7,7	21.70
2025-11-14T18:23:14.442072+00:00,-9,21.7,-9	21.70
2025-11-14T18:23:14.454222+00:00,8,21.08,8	21.08
2025-11-14T18:23:14.462478+00:00,-5,17.61,-5	17.61
2025-11-14T18:23:14.474753+00:00,-1,13.34,-1	13.34
2025-11-14T18:23:14.483320+00:00,6,13.23,6	13.23
2025-11-14T18:23:14.495132+00:00,-8,13.07,-8	13.07
2025-11-14T18:23:14.503780+00:00,10,12.12,10	12.12
2025-11-14T18:23:14.515880+00:00,-7,12.13,-7	12.13
2025-11-14T18:23:14.524195+00:00,-4,9.04,-4	9.04
2025-11-14T18:23:14.532279+00:00,5,8.31,5	8.31
2025-11-14T18:23:14.540716+00:00,-7,8.3,-7	8.30
2025-11-14T18:23:14.549121+00:00,2,7.74,2	7.74
2025-11-14T18:23:14.561172+00:00,-3,7.65,-3	7.65
2025-11-14T18:23:14.569538+00:00,11,7.44,11	7.44
2025-11-14T18:23:14.577548+00:00,2,7.22,2	7.22
2025-11-14T18:23:14.585449+00:00,-9,7.25,-9	7.25
2025-11-14T18:23:14.593908+00:00,0,7.0,0	7.00
2025-11-14T18:23:14.602122+00:00,0,6.97,0	6.97
2025-11-14T18:23:14.610225+00:00,14,7.05,14	7.05
2025-11-14T18:23:14.618217+00:00,6,7.07,6	7.07
2025-11-14T18:23:14.630481+00:00,-17,7.16,-17	7.16
2025-11-14T18:23:14.638655+00:00,-3,7.12,-3	7.12
2025-11-14T18:23:14.651211+00:00,48,8.55,48	8.55
2025-11-14T18:23:14.659488+00:00,-30,9.02,-30	9.02
2025-11-14T18:23:14.671353+00:00,-19,9.09,-19	9.09
2025-11-14T18:23:14.679974+00:00,51,10.42,51	10.42
2025-11-14T18:23:14.692199+00:00,-30,10.81,-30	10.81
2025-11-14T18:23:14.704191+00:00,-43,11.61,-43	11.61
2025-11-14T18:23:14.712431+00:00,-9,11.65,-9	11.65
2025-11-14T18:23:14.724723+00:00,14,11.67,14	11.67
2025-11-14T18:23:14.736962+00:00,-19,11.75,-19	11.75
2025-11-14T18:23:14.745248+00:00,19,11.83,19	11.83
2025-11-14T18:23:14.757422+00:00,53,12.93,53	12.93
2025-11-14T18:23:14.765695+00:00,-3,12.92,-3	12.92
2025-11-14T18:23:14.777954+00:00,1,12.86,1	12.86
2025-11-14T18:23:14.786506+00:00,-8,12.87,-8	12.87
2025-11-14T18:23:14.798545+00:00,18,13.0,18	13.00
2025-11-14T18:23:14.806945+00:00,-14,13.07,-14	13.07
2025-11-14T18:23:14.819392+00:00,-59,14.31,-59	14.31
2025-11-14T18:23:14.831252+00:00,-19,14.43,-19	14.43
2025-11-14T18:23:14.843796+00:00,23,14.61,23	14.61
2025-11-14T18:23:14.852232+00:00,36,14.95,36	14.95
2025-11-14T18:23:14.864258+00:00,-12,14.99,-12	14.99
2025-11-14T18:23:14.872383+00:00,0,14.97,0	14.97
2025-11-14T18:23:14.884427+00:00,-13,15.03,-13	15.03
2025-11-14T18:23:14.892582+00:00,23,15.2,23	15.20
2025-11-14T18:23:14.904817+00:00,50,15.99,50	15.99
2025-11-14T18:23:14.917087+00:00,-59,17.04,-59	17.04
2025-11-14T18:23:14.925433+00:00,5,17.02,5	17.02
2025-11-14T18:23:14.937766+00:00,35,17.38,35	17.38
2025-11-14T18:23:14.945943+00:00,-64,18.52,-64	18.52
2025-11-14T18:23:14.959041+00:00,-22,18.64,-22	18.64
2025-11-14T18:23:14.970760+00:00,-6,18.63,-6	18.63
2025-11-14T18:23:14.979226+00:00,58,19.5,58	19.50
2025-11-14T18:23:14.991508+00:00,-57,20.32,-57	20.32
2025-11-14T18:23:15.003725+00:00,-40,20.71,-40	20.71
2025-11-14T18:23:15.015409+00:00,107,23.29,107	23.29
2025-11-14T18:23:15.023769+00:00,24,23.39,24	23.39
2025-11-14T18:23:15.036014+00:00,30,23.57,30	23.57
2025-11-14T18:23:15.044244+00:00,-83,24.99,-83	24.99
2025-11-14T18:23:15.056483+00:00,-12,25.02,-12	25.02
2025-11-14T18:23:15.069102+00:00,-32,25.22,-32	25.22
2025-11-14T18:23:15.077114+00:00,5,25.19,5	25.19
2025-11-14T18:23:15.089326+00:00,105,27.28,105	27.28
2025-11-14T18:23:15.101827+00:00,79,28.4,79	28.40
2025-11-14T18:23:15.109820+00:00,109,30.42,109	30.42
2025-11-14T18:23:15.122357+00:00,28,30.55,28	30.55
2025-11-14T18:23:15.134449+00:00,25,30.64,25	30.64
2025-11-14T18:23:15.142898+00:00,-42,30.92,-42	30.92
2025-11-14T18:23:15.154940+00:00,-73,31.76,-73	31.76
2025-11-14T18:23:15.163332+00:00,0,31.76,0	31.76
2025-11-14T18:23:15.175540+00:00,-45,32.08,-45	32.08
2025-11-14T18:23:15.188114+00:00,-149,35.36,-149	35.36
2025-11-14T18:23:15.200274+00:00,-164,38.97,-164	38.97
2025-11-14T18:23:15.212589+00:00,-138,41.33,-138	41.33
2025-11-14T18:23:15.224663+00:00,220,46.82,220	46.82
2025-11-14T18:23:15.232951+00:00,7,46.83,7	46.83
2025-11-14T18:23:15.245205+00:00,-239,52.57,-239	52.57
2025-11-14T18:23:15.257415+00:00,172,55.31,172	55.31
2025-11-14T18:23:15.269549+00:00,45,55.49,45	55.49
2025-11-14T18:23:15.278243+00:00,11,55.49,11	55.49
2025-11-14T18:23:15.290358+00:00,163,57.84,163	57.84
2025-11-14T18:23:15.302598+00:00,-104,58.76,-104	58.76
2025-11-14T18:23:15.314669+00:00,-21,58.8,-21	58.80
2025-11-14T18:23:15.322798+00:00,13,58.81,13	58.81
2025-11-14T18:23:15.335452+00:00,-71,59.22,-71	59.22
2025-11-14T18:23:15.348089+00:00,193,62.29,193	62.29
2025-11-14T18:23:15.359766+00:00,29,62.35,29	62.35
2025-11-14T18:23:15.368198+00:00,84,62.92,84	62.92
2025-11-14T18:23:15.380189+00:00,14,62.93,14	62.93
2025-11-14T18:23:15.392395+00:00,-108,63.84,-108	63.84
2025-11-14T18:23:15.400644+00:00,60,64.12,60	64.12
2025-11-14T18:23:15.413145+00:00,112,65.09,112	65.09
2025-11-14T18:23:15.425177+00:00,-4,65.09,-4	65.09
2025-11-14T18:23:15.437485+00:00,-168,67.22,-168	67.22
2025-11-14T18:23:15.445621+00:00,0,67.21,0	67.21
2025-11-14T18:23:15.457934+00:00,-232,71.1,-232	71.10
2025-11-14T18:23:15.470221+00:00,-166,73.02,-166	73.02
2025-11-14T18:23:15.482554+00:00,-117,73.95,-117	73.95
2025-11-14T18:23:15.494925+00:00,-85,74.43,-85	74.43
2025-11-14T18:23:15.507427+00:00,175,76.45,175	76.45
2025-11-14T18:23:15.515315+00:00,89,76.97,89	76.97
2025-11-14T18:23:15.528113+00:00,71,77.29,71	77.29
2025-11-14T18:23:15.536182+00:00,65,77.56,65	77.56
2025-11-14T18:23:15.548480+00:00,93,78.12,93	78.12
2025-11-14T18:23:15.560473+00:00,-72,78.44,-72	78.44
2025-11-14T18:23:15.568867+00:00,92,78.98,92	78.98
2025-11-14T18:23:15.581369+00:00,129,80.02,129	80.02
2025-11-14T18:23:15.593042+00:00,-35,80.1,-35	80.10
2025-11-14T18:23:15.601411+00:00,55,80.28,55	80.28
2025-11-14T18:23:15.613867+00:00,41,80.38,41	80.38
2025-11-14T18:23:15.626051+00:00,146,81.7,146	81.70
2025-11-14T18:23:15.634496+00:00,99,82.3,99	82.30
2025-11-14T18:23:15.646665+00:00,-100,82.89,-100	82.89
2025-11-14T18:23:15.658711+00:00,-105,83.56,-105	83.56
2025-11-14T18:23:15.671076+00:00,184,85.55,184	85.55
2025-11-14T18:23:15.679266+00:00,89,86.01,89	86.01
2025-11-14T18:23:15.691564+00:00,-72,86.32,-72	86.32
2025-11-14T18:23:15.703815+00:00,-26,86.34,-26	86.34
2025-11-14T18:23:15.716197+00:00,-85,86.76,-85	86.76
2025-11-14T18:23:15.724342+00:00,51,86.89,51	86.89
2025-11-14T18:23:15.736605+00:00,-177,88.68,-177	88.68
2025-11-14T18:23:15.748765+00:00,-192,90.6,-192	90.60
2025-11-14T18:23:15.761079+00:00,3,90.55,3	90.55
2025-11-14T18:23:15.773446+00:00,-118,91.3,-118	91.30
2025-11-14T18:23:15.785711+00:00,-19,91.18,-19	91.18
2025-11-14T18:23:15.793923+00:00,-88,91.55,-88	91.55
2025-11-14T18:23:15.806429+00:00,-27,91.49,-27	91.49
2025-11-14T18:23:15.818479+00:00,-19,91.51,-19	91.51
2025-11-14T18:23:15.830739+00:00,-71,91.77,-71	91.77
2025-11-14T18:23:15.838967+00:00,40,91.84,40	91.84
2025-11-14T18:23:15.851258+00:00,-34,91.88,-34	91.88
2025-11-14T18:23:15.863519+00:00,17,91.74,17	91.74
2025-11-14T18:23:15.871802+00:00,20,91.77,20	91.77
2025-11-14T18:23:15.884012+00:00,24,91.8,24	91.80
2025-11-14T18:23:15.892205+00:00,30,91.84,30	91.84
2025-11-14T18:23:15.904474+00:00,43,91.93,43	91.93
2025-11-14T18:23:15.912726+00:00,-7,91.92,-7	91.92
2025-11-14T18:23:15.924961+00:00,9,91.73,9	91.73
2025-11-14T18:23:15.933175+00:00,64,91.94,64	91.94
2025-11-14T18:23:15.941423+00:00,9,91.91,9	91.91
2025-11-14T18:23:15.953644+00:00,63,92.06,63	92.06
2025-11-14T18:23:15.961848+00:00,26,92.09,26	92.09
2025-11-14T18:23:15.974124+00:00,36,92.16,36	92.16
2025-11-14T18:23:15.986506+00:00,42,92.24,42	92.24
2025-11-14T18:23:15.994804+00:00,22,92.24,22	92.24
2025-11-14T18:23:16.006910+00:00,33,92.16,33	92.16
2025-11-14T18:23:16.015145+00:00,22,92.0,22	92.00
2025-11-14T18:23:16.027338+00:00,20,92.02,20	92.02
2025-11-14T18:23:16.035640+00:00,14,91.96,14	91.96
2025-11-14T18:23:16.043835+00:00,6,91.74,6	91.74
2025-11-14T18:23:16.056075+00:00,3,91.72,3	91.72
2025-11-14T18:23:16.064333+00:00,7,91.72,7	91.72
2025-11-14T18:23:16.076502+00:00,-8,91.54,-8	91.54
2025-11-14T18:23:16.084909+00:00,2,91.36,2	91.36
2025-11-14T18:23:16.096978+00:00,-14,91.28,-14	91.28
2025-11-14T18:23:16.105255+00:00,-6,90.66,-6	90.66
2025-11-14T18:23:16.117532+00:00,-7,90.63,-7	90.63
2025-11-14T18:23:16.129771+00:00,-20,90.6,-20	90.60
2025-11-14T18:23:16.138014+00:00,3,90.22,3	90.22
2025-11-14T18:23:16.150306+00:00,-20,90.23,-20	90.23
2025-11-14T18:23:16.158537+00:00,-13,90.19,-13	90.19
2025-11-14T18:23:16.170811+00:00,-4,90.19,-4	90.19
2025-11-14T18:23:16.183081+00:00,-19,89.59,-19	89.59
2025-11-14T18:23:16.195324+00:00,-15,89.26,-15	89.26
2025-11-14T18:23:16.203598+00:00,-4,88.59,-4	88.59
2025-11-14T18:23:16.215856+00:00,-18,88.56,-18	88.56
2025-11-14T18:23:16.228137+00:00,-18,88.55,-18	88.55
2025-11-14T18:23:16.236373+00:00,-1,88.45,-1	88.45
2025-11-14T18:23:16.248606+00:00,-15,88.16,-15	88.16
2025-11-14T18:23:16.260834+00:00,-4,88.16,-4	88.16
2025-11-14T18:23:16.269053+00:00,1,88.04,1	88.04
2025-11-14T18:23:16.281412+00:00,-12,86.78,-12	86.78
2025-11-14T18:23:16.289677+00:00,0,85.22,0	85.22
2025-11-14T18:23:16.297880+00:00,-2,84.09,-2	84.09
2025-11-14T18:23:16.310147+00:00,-7,81.17,-7	81.17
2025-11-14T18:23:16.318494+00:00,8,81.17,8	81.17
2025-11-14T18:23:16.330704+00:00,-8,77.57,-8	77.57
